<?xml version="1.0" encoding="UTF-8"?><MD_Metadata xmlns:xlink="http://www.w3.org/1999/xlink" xmlns:srv="http://www.isotc211.org/2005/srv" xmlns:gts="http://www.isotc211.org/2005/gts" xmlns:xalan="http://xml.apache.org/xalan" xmlns:gco="http://www.isotc211.org/2005/gco" xmlns:gml="http://www.opengis.net/gml" xmlns:xsi="http://www.w3.org/2001/XMLSchema-instance" xmlns="http://www.isotc211.org/2005/gmd">
<fileIdentifier>
<gco:CharacterString>1456782805036r18719234826176978</gco:CharacterString>
</fileIdentifier>
<language>
<LanguageCode codeList="http://www.loc.gov/standards/iso639-2/php/code_list.php" codeListValue="eng" codeSpace="ISO639-2">eng</LanguageCode>
</language>
<characterSet>
<MD_CharacterSetCode codeList="http://www.isotc211.org/2005/resources/Codelist/gmxCodelists.xml#MD_CharacterSetCode" codeListValue="utf8" codeSpace="ISOTC211/19115">utf8</MD_CharacterSetCode>
</characterSet>
<hierarchyLevel>
<MD_ScopeCode codeList="http://www.isotc211.org/2005/resources/Codelist/gmxCodelists.xml#MD_ScopeCode" codeListValue="nonGeographicDataset" codeSpace="ISOTC211/19115">nonGeographicDataset</MD_ScopeCode>
</hierarchyLevel>
<hierarchyLevelName>
<gco:CharacterString>dataset</gco:CharacterString>
</hierarchyLevelName>
<contact>
<CI_ResponsibleParty>
<individualName>
<gco:CharacterString>GIS Staff</gco:CharacterString>
</individualName>
<organisationName>
<gco:CharacterString>Boulder County Parks and Open Space</gco:CharacterString>
</organisationName>
<positionName>
<gco:CharacterString>GIS Staff</gco:CharacterString>
</positionName>
<role>
<CI_RoleCode codeList="http://www.isotc211.org/2005/resources/Codelist/gmxCodelists.xml#CI_RoleCode" codeListValue="pointOfContact" codeSpace="ISOTC211/19115">pointOfContact</CI_RoleCode>
</role>
</CI_ResponsibleParty>
</contact>
<dateStamp>
<gco:Date>2016-01-20</gco:Date>
</dateStamp>
<metadataStandardName>
<gco:CharacterString>ISO 19139 Geographic Information - Metadata - Implementation Specification</gco:CharacterString>
</metadataStandardName>
<metadataStandardVersion>
<gco:CharacterString>2007</gco:CharacterString>
</metadataStandardVersion>
<spatialRepresentationInfo>
<MD_VectorSpatialRepresentation>
<topologyLevel>
<MD_TopologyLevelCode codeList="http://www.isotc211.org/2005/resources/Codelist/gmxCodelists.xml#MD_TopologyLevelCode" codeListValue="geometryOnly" codeSpace="ISOTC211/19115">geometryOnly</MD_TopologyLevelCode>
</topologyLevel>
<geometricObjects>
<MD_GeometricObjects>
<geometricObjectType>
<MD_GeometricObjectTypeCode codeList="http://www.isotc211.org/2005/resources/Codelist/gmxCodelists.xml#MD_GeometricObjectTypeCode" codeListValue="composite" codeSpace="ISOTC211/19115">composite</MD_GeometricObjectTypeCode>
</geometricObjectType>
<geometricObjectCount>
<gco:Integer>8387</gco:Integer>
</geometricObjectCount>
</MD_GeometricObjects>
</geometricObjects>
</MD_VectorSpatialRepresentation>
</spatialRepresentationInfo>
<referenceSystemInfo>
<MD_ReferenceSystem>
<referenceSystemIdentifier>
<RS_Identifier>
<code>
<gco:CharacterString>2876</gco:CharacterString>
</code>
<codeSpace>
<gco:CharacterString>EPSG</gco:CharacterString>
</codeSpace>
<version>
<gco:CharacterString>8.2.6</gco:CharacterString>
</version>
</RS_Identifier>
</referenceSystemIdentifier>
</MD_ReferenceSystem>
</referenceSystemInfo>
<identificationInfo>
<MD_DataIdentification>
<citation>
<CI_Citation>
<title>
<gco:CharacterString>boco.HYDRO.STREAMS_DITCHES</gco:CharacterString>
</title>
<date>
<CI_Date>
<date>
<gco:Date>2013-06-13</gco:Date>
</date>
<dateType>
<CI_DateTypeCode codeList="http://www.isotc211.org/2005/resources/Codelist/gmxCodelists.xml#CI_DateTypeCode" codeListValue="publication" codeSpace="ISOTC211/19115">publication</CI_DateTypeCode>
</dateType>
</CI_Date>
</date>
<presentationForm>
<CI_PresentationFormCode codeList="http://www.isotc211.org/2005/resources/Codelist/gmxCodelists.xml#CI_PresentationFormCode" codeListValue="mapDigital" codeSpace="ISOTC211/19115">mapDigital</CI_PresentationFormCode>
</presentationForm>
</CI_Citation>
</citation>
<abstract>
<gco:CharacterString>The streams and ditches in this dataset were conflated from various data sources, including NHD, Colorado Department of Natural Resources Division of Water Resources (CDSS), Boulder County, City of Boulder and individual ditch companies. The data was verified with field visits and extensive staff knowledge. The data includes links to various internal databases, as well as the Colorado Division of Water Resources database. Pre and Post 2013 Colorado Flood alignments are included. Flow directions for network analysis are also incorporated into the data. This data is appropriate for both small and large scale usage.</gco:CharacterString>
</abstract>
<purpose>
<gco:CharacterString>This dataset contains the linear water features found in Boulder County.</gco:CharacterString>
</purpose>
<credit>
<gco:CharacterString>Boulder County Parks and Open Space</gco:CharacterString>
</credit>
<pointOfContact>
<CI_ResponsibleParty>
<organisationName>
<gco:CharacterString>Boulder County Parks and Open Space</gco:CharacterString>
</organisationName>
<positionName>
<gco:CharacterString>GIS Staff</gco:CharacterString>
</positionName>
<role>
<CI_RoleCode codeList="http://www.isotc211.org/2005/resources/Codelist/gmxCodelists.xml#CI_RoleCode" codeListValue="pointOfContact" codeSpace="ISOTC211/19115">pointOfContact</CI_RoleCode>
</role>
</CI_ResponsibleParty>
</pointOfContact>
<resourceMaintenance>
<MD_MaintenanceInformation>
<maintenanceAndUpdateFrequency>
<MD_MaintenanceFrequencyCode codeList="http://www.isotc211.org/2005/resources/Codelist/gmxCodelists.xml#MD_MaintenanceFrequencyCode" codeListValue="asNeeded" codeSpace="ISOTC211/19115">asNeeded</MD_MaintenanceFrequencyCode>
</maintenanceAndUpdateFrequency>
</MD_MaintenanceInformation>
</resourceMaintenance>
<descriptiveKeywords>
<MD_Keywords>
<keyword>
<gco:CharacterString>Boulder County</gco:CharacterString>
</keyword>
<keyword>
<gco:CharacterString>Parks and Open Space</gco:CharacterString>
</keyword>
</MD_Keywords>
</descriptiveKeywords>
<descriptiveKeywords>
<MD_Keywords>
<keyword>
<gco:CharacterString>Boulder County</gco:CharacterString>
</keyword>
<keyword>
<gco:CharacterString>Parks and Open Space</gco:CharacterString>
</keyword>
</MD_Keywords>
</descriptiveKeywords>
<descriptiveKeywords>
<MD_Keywords>
<keyword>
<gco:CharacterString>Downloadable Data</gco:CharacterString>
</keyword>
<thesaurusName uuidref="723f6998-058e-11dc-8314-0800200c9a66"/>
</MD_Keywords>
</descriptiveKeywords>
<resourceConstraints>
<MD_Constraints>
<useLimitation>
<gco:CharacterString>This data has been developed by Boulder County and may also include data from third-party sources, Boulder County makes no warranties, representations or guarantees, either expressed or implied, as to the completeness, accuracy or correctness of the data, nor accepts or assumes any liability arising from or for any incorrect, incomplete or misleading data provided pursuant to the use of this data. There are no warranties and/or representations, either expressed or implied, of merchantability or fitness of the data for a particular purpose or use.</gco:CharacterString>
</useLimitation>
</MD_Constraints>
</resourceConstraints>
<spatialRepresentationType>
<MD_SpatialRepresentationTypeCode codeList="http://www.isotc211.org/2005/resources/Codelist/gmxCodelists.xml#MD_SpatialRepresentationTypeCode" codeListValue="textTable" codeSpace="ISOTC211/19115">textTable</MD_SpatialRepresentationTypeCode>
</spatialRepresentationType>
<language>
<LanguageCode codeList="http://www.loc.gov/standards/iso639-2/php/code_list.php" codeListValue="eng" codeSpace="ISO639-2">eng</LanguageCode>
</language>
<characterSet>
<MD_CharacterSetCode codeList="http://www.isotc211.org/2005/resources/Codelist/gmxCodelists.xml#MD_CharacterSetCode" codeListValue="utf8" codeSpace="ISOTC211/19115">utf8</MD_CharacterSetCode>
</characterSet>
<environmentDescription>
<gco:CharacterString>Microsoft Windows XP Version 5.1 (Build 2600) Service Pack 3; Esri ArcGIS 10.1.0.3035</gco:CharacterString>
</environmentDescription>
<extent>
<EX_Extent>
<geographicElement>
<EX_GeographicBoundingBox>
<extentTypeCode>
<gco:Boolean>true</gco:Boolean>
</extentTypeCode>
<westBoundLongitude>
<gco:Decimal>-105.701624</gco:Decimal>
</westBoundLongitude>
<eastBoundLongitude>
<gco:Decimal>-104.938678</gco:Decimal>
</eastBoundLongitude>
<southBoundLatitude>
<gco:Decimal>39.847726</gco:Decimal>
</southBoundLatitude>
<northBoundLatitude>
<gco:Decimal>40.329889</gco:Decimal>
</northBoundLatitude>
</EX_GeographicBoundingBox>
</geographicElement>
</EX_Extent>
</extent>
</MD_DataIdentification>
</identificationInfo>
<distributionInfo>
<MD_Distribution>
<distributionFormat>
<MD_Format>
<name>
<gco:CharacterString>SDE Feature Class</gco:CharacterString>
</name>
<version>
<gco:CharacterString>10.2.2</gco:CharacterString>
</version>
</MD_Format>
</distributionFormat>
</MD_Distribution>
</distributionInfo>
<metadataMaintenance>
<MD_MaintenanceInformation>
<maintenanceAndUpdateFrequency>
<MD_MaintenanceFrequencyCode codeList="http://www.isotc211.org/2005/resources/Codelist/gmxCodelists.xml#MD_MaintenanceFrequencyCode" codeListValue="asNeeded" codeSpace="ISOTC211/19115">asNeeded</MD_MaintenanceFrequencyCode>
</maintenanceAndUpdateFrequency>
</MD_MaintenanceInformation>
</metadataMaintenance>
</MD_Metadata>
